{"Modules":[{"Key":"drbd_node.drbd_on_destroy","Source":"../../../generic_modules/on_destroy","Dir":"../generic_modules/on_destroy"},{"Key":"monitoring.os_image_reference","Source":"../../modules/os_image_reference","Dir":"modules/os_image_reference"},{"Key":"netweaver_node.netweaver_on_destroy","Source":"../../../generic_modules/on_destroy","Dir":"../generic_modules/on_destroy"},{"Key":"iscsi_server.iscsi_provision","Source":"../../../generic_modules/salt_provisioner","Dir":"../generic_modules/salt_provisioner"},{"Key":"hana_node.hana_majority_maker.os_image_reference","Source":"../../modules/os_image_reference","Dir":"modules/os_image_reference"},{"Key":"hana_node.hana_majority_maker.majority_maker_on_destroy","Source":"../../../generic_modules/on_destroy","Dir":"../generic_modules/on_destroy"},{"Key":"hana_node.hana_provision","Source":"../../../generic_modules/salt_provisioner","Dir":"../generic_modules/salt_provisioner"},{"Key":"iscsi_server","Source":"./modules/iscsi_server","Dir":"modules/iscsi_server"},{"Key":"hana_node.hana_majority_maker.majority_maker_provision","Source":"../../../generic_modules/salt_provisioner","Dir":"../generic_modules/salt_provisioner"},{"Key":"iscsi_server.os_image_reference","Source":"../../modules/os_image_reference","Dir":"modules/os_image_reference"},{"Key":"hana_node","Source":"./modules/hana_node","Dir":"modules/hana_node"},{"Key":"drbd_node.drbd_provision","Source":"../../../generic_modules/salt_provisioner","Dir":"../generic_modules/salt_provisioner"},{"Key":"hana_node.hana_on_destroy","Source":"../../../generic_modules/on_destroy","Dir":"../generic_modules/on_destroy"},{"Key":"hana_node.hana_majority_maker","Source":"../majority_maker_node","Dir":"modules/majority_maker_node"},{"Key":"netweaver_node","Source":"./modules/netweaver_node","Dir":"modules/netweaver_node"},{"Key":"monitoring","Source":"./modules/monitoring","Dir":"modules/monitoring"},{"Key":"monitoring.monitoring_provision","Source":"../../../generic_modules/salt_provisioner","Dir":"../generic_modules/salt_provisioner"},{"Key":"bastion.bastion_on_destroy","Source":"../../../generic_modules/on_destroy","Dir":"../generic_modules/on_destroy"},{"Key":"netweaver_node.netweaver_provision","Source":"../../../generic_modules/salt_provisioner","Dir":"../generic_modules/salt_provisioner"},{"Key":"monitoring.monitoring_on_destroy","Source":"../../../generic_modules/on_destroy","Dir":"../generic_modules/on_destroy"},{"Key":"bastion.bastion_provision","Source":"../../../generic_modules/salt_provisioner","Dir":"../generic_modules/salt_provisioner"},{"Key":"bastion.os_image_reference","Source":"../../modules/os_image_reference","Dir":"modules/os_image_reference"},{"Key":"bastion","Source":"./modules/bastion","Dir":"modules/bastion"},{"Key":"drbd_node.os_image_reference","Source":"../../modules/os_image_reference","Dir":"modules/os_image_reference"},{"Key":"iscsi_server.iscsi_on_destroy","Source":"../../../generic_modules/on_destroy","Dir":"../generic_modules/on_destroy"},{"Key":"netweaver_node.os_image_reference","Source":"../../modules/os_image_reference","Dir":"modules/os_image_reference"},{"Key":"hana_node.os_image_reference","Source":"../../modules/os_image_reference","Dir":"modules/os_image_reference"},{"Key":"drbd_node","Source":"./modules/drbd_node","Dir":"modules/drbd_node"},{"Key":"local_execution","Source":"../generic_modules/local_exec","Dir":"../generic_modules/local_exec"},{"Key":"","Source":"","Dir":"."},{"Key":"common_variables","Source":"../generic_modules/common_variables","Dir":"../generic_modules/common_variables"}]}